{
  "auth": {
    "username": "somanathgaikwad_OkFY4Z",
    "access_key": "xC9BuAfQay3xqZpxrwj3"
  },
  "browsers": [
    {
      "browser": "chrome",
      "os": "Windows 10",
      "versions": ["latest"]
    },
    {
      "browser": "firefox",
      "os": "Windows 10",
      "versions": ["latest"]
    }
  ],
  "run_settings": {
    "cypress_config_file": "C:\\Users\\welcome\\Downloads\\automation-suite\\cypress.json",
    "project_name": "Clippd",
    "build_name": "build-name",
    "exclude": ["cypress/videos", "cypress/screenshot", "node_modules"],
    "parallels": "2",
    "spec_timeout": "30",
    "npm_dependencies": {
      "@testing-library/cypress": "^7.0.7",
      "cypress": "^7.7.0",
      "cypress-file-upload": "^5.0.4",
      "cypress-xpath": "^1.6.1",
      "cypress-recurse": "^1.20.0",
      "@percy/cli": "^1.0.5",
      "@percy/cypress": "^3.1.1",
      "cypress-grep": "^2.13.1",
      "ws": "8.5.0"
    },
    "package_config_options": {},
    "headless": false,
    "specs": ["cypress/integration/functional-tests/*.spec.js"]
  },
  "connection_settings": {
    "local": true,
    "local_identifier": null,
    "local_mode": null,
    "local_config_file": null
  },
  "disable_usage_reporting": false
}
