{
  "lambdatest_auth": {
    "username": "sahiltestrig",
    "access_key": "VvPHBy0wUIn975bHAM4Kqtg9MIFFtJKUtScQ3wllleQIr6UKnV"
  },
  "browsers": [
    {
      "browser": "Chrome",
      "platform": "Windows 10",
      "versions": ["latest-1"]
    }
  ],
  "run_settings": {
    "cypress_config_file": "cypress.json",
    "build_name": "Clippd All Tests",
    "parallels": 5,
    "specs": "./cypress/integration/**/*.spec.js",
    "ignore_files": "",
    "feature_file_suppport": false,
    "network": false,
    "headless": false,
    "reporter_config_file": "",
    "npm_dependencies": {
      "cypress": "9.0.0",
      "@4tw/cypress-drag-drop": "^2.1.0",
      "cy2": "^1.3.0",
      "cypress-xpath": "^1.6.2",
      "node-xlsx": "^0.21.0",
      "typescript": "^4.6.2",
      "@cypress/code-coverage": "^3.9.12",
      "@cypress/instrument-cra": "^1.4.0",
      "@percy/cli": "^1.0.0-beta.67",
      "@percy/cypress": "^3.1.1",
      "@testing-library/cypress": "^8.0.2",
      "cypress-file-upload": "^5.0.4",
      "cypress-grep": "^2.13.1",
      "nyc": "^15.1.0",
      "cypress-recurse": "^1.20.0"
    },
    "smart_ui": {
      "project": "Check01"
    }
  },

  "tunnel_settings": {
    "tunnel": true,
    "tunnel_name": ""
  }
}
