{
    "type" : "Cardio",
    "title" : "Test Cardio",
    "description" : "Morning Cardio",
    "location" : "London",
    "year" : "2021",
    "month" : "Aug",
    "date" : "10",
    "time" : "6:30 AM",
    "Hour" : "02 hr",
    "Minute" : "15 min",
    "Notes" : "Awesome!!",
    "typeUpdate" : "Lesson",
    "titleUpdate" : "Test Lesson",
    "descriptionUpdate" : "Morning Lesson",
    "locationUpdate" : "Bangalore",
    "yearUpdate" : "2022",
    "monthUpdate" : "Mar",
    "dateUpdate" : "10",
    "timeUpdate" : "7:30 AM",
    "HourUpdate" : "04 hr",
    "MinuteUpdate" : "20 min",
    "NotesUpdate" : "Excellent"
}