{
  "Arccos": {
    "userName": "blairmcharg1@gmail.com",
    "password": "hamish1"
  },
  "GSL": {
    "userName": "ejdcrossman@gmail.com",
    "password": "Nd65jVgHssv3V7N"
  },
  "trackManLink": "https://mytrackman.com/system/dynamic-report?r=f93c49f5-2d51-4199-86dd-94106d270273&dm=c&nd=false&op=false&sro=false&do=true&to=true&vo=false&cdo=true&ot=c&ov=d&mp%5B%5D=Score&mp%5B%5D=ClubSpeed&mp%5B%5D=BallSpeed&mp%5B%5D=SpinRate&mp%5B%5D=AttackAngle&mp%5B%5D=Carry&mp%5B%5D=Total&mp%5B%5D=Side&mp%5B%5D=DistanceToPin&u=u&v=summary&sgos%5B%5D=bc39952c-87e3-4b34-8254-336aa81e9733&sgos%5B%5D=5e963d3b-058d-4648-a69a-62339918e4cd&sgos%5B%5D=ee30d4c2-816b-44ef-9be2-87fbf6be621d&sgos%5B%5D=d19d892a-4970-4d96-9d5a-42ab93c1864b&sgos%5B%5D=edf4085c-2631-4087-832e-cf47d18a23f1&sgos%5B%5D=9dbebea3-e522-4990-8519-051e4b91706d&sgos%5B%5D=9e259a05-a3aa-4ff2-9b46-89d58f975f35&sgos%5B%5D=508956fe-239e-49ae-a248-9a506b24ba36&sgos%5B%5D=0475292c-c46d-4c7f-a94d-21a6f51afb7b&sgos%5B%5D=5d0af970-7c5e-40d3-b79b-6b38a1d47333"
}
